recommendationsId,diagnosisId,symptomId
REC_8dcdaa44-e987-4de1-9acf-e1ea39f2084d,DIA_eb04f2bc-5678-4526-ba36-05f858e09b87,SYM_bfee9dab-2ea7-44e5-a792-8c3cc07f8361
REC_80740469-3243-4ac1-a76e-34dcd6128842,DIA_2ff13860-6ddf-4558-bdfd-2efb451914b8,SYM_f01f7205-13d1-4861-babc-db1dd0cd4352
REC_295e0b0f-069d-4ee7-8167-79b736193091,DIA_2ff13860-6ddf-4558-bdfd-2efb451914b8,SYM_f01f7205-13d1-4861-babc-db1dd0cd4352
REC_f194a3b1-cd0d-4681-b972-5a6835230911,DIA_2ff13860-6ddf-4558-bdfd-2efb451914b8,SYM_f01f7205-13d1-4861-babc-db1dd0cd4352
REC_493db80e-7eec-4d79-9488-76dbc3000e28,DIA_2ff13860-6ddf-4558-bdfd-2efb451914b8,SYM_f01f7205-13d1-4861-babc-db1dd0cd4352
REC_8a1382eb-e5b1-4e82-bebf-ce9424d1f7e2,DIA_2ff13860-6ddf-4558-bdfd-2efb451914b8,SYM_f01f7205-13d1-4861-babc-db1dd0cd4352
REC_e8251622-74e8-4138-9f02-412859d7dec2,DIA_c01bd1d0-6044-4899-84ae-d9cb264591d9,SYM_44475c62-a7e8-4422-8ff0-c25518e23db6
REC_893ae2d0-3489-44d0-876f-9694bd1aa2ef,DIA_c01bd1d0-6044-4899-84ae-d9cb264591d9,SYM_44475c62-a7e8-4422-8ff0-c25518e23db6
REC_03b3c822-03a5-4678-9fe7-92ee90cd79a3,DIA_c01bd1d0-6044-4899-84ae-d9cb264591d9,SYM_44475c62-a7e8-4422-8ff0-c25518e23db6
REC_c8675b08-b737-412a-85d8-0b399a691348,DIA_c01bd1d0-6044-4899-84ae-d9cb264591d9,SYM_44475c62-a7e8-4422-8ff0-c25518e23db6
REC_e3c0c075-9d75-47f0-88ed-545fb1911aaf,DIA_c01bd1d0-6044-4899-84ae-d9cb264591d9,SYM_44475c62-a7e8-4422-8ff0-c25518e23db6
REC_57f88ffd-583f-4631-9b9b-3100e7fb67ad,DIA_c01bd1d0-6044-4899-84ae-d9cb264591d9,SYM_44475c62-a7e8-4422-8ff0-c25518e23db6
REC_5dbf35d3-ec5d-4774-8650-55add4879d69,DIA_c01bd1d0-6044-4899-84ae-d9cb264591d9,SYM_44475c62-a7e8-4422-8ff0-c25518e23db6
REC_a732042b-c9ee-44e3-84fc-2788d9c98a25,DIA_c01bd1d0-6044-4899-84ae-d9cb264591d9,SYM_44475c62-a7e8-4422-8ff0-c25518e23db6
REC_e2a02ec6-6327-4e4e-9f6d-e5f869a9251a,DIA_c01bd1d0-6044-4899-84ae-d9cb264591d9,SYM_44475c62-a7e8-4422-8ff0-c25518e23db6
REC_56638ecc-e767-4154-b2ef-0d8d9a51cb68,DIA_c01bd1d0-6044-4899-84ae-d9cb264591d9,SYM_44475c62-a7e8-4422-8ff0-c25518e23db6
REC_a0d220be-3c6e-47d5-88da-301d83175d0f,DIA_c01bd1d0-6044-4899-84ae-d9cb264591d9,SYM_44475c62-a7e8-4422-8ff0-c25518e23db6
REC_dd3bd486-4867-4fd7-8054-972c80440cb1,DIA_c01bd1d0-6044-4899-84ae-d9cb264591d9,SYM_44475c62-a7e8-4422-8ff0-c25518e23db6
REC_e46bb031-27bb-484d-a1c0-7943f272a070,DIA_c01bd1d0-6044-4899-84ae-d9cb264591d9,SYM_44475c62-a7e8-4422-8ff0-c25518e23db6
REC_f9e558ef-d795-41a0-a8ed-c6bbef350fba,DIA_c01bd1d0-6044-4899-84ae-d9cb264591d9,SYM_44475c62-a7e8-4422-8ff0-c25518e23db6
REC_b9dbbd95-ab07-4ee4-b76d-ef64e74caef3,DIA_c01bd1d0-6044-4899-84ae-d9cb264591d9,SYM_44475c62-a7e8-4422-8ff0-c25518e23db6
REC_51c7929f-bcdc-49c3-8f27-f08a55a0e8d6,DIA_c01bd1d0-6044-4899-84ae-d9cb264591d9,SYM_44475c62-a7e8-4422-8ff0-c25518e23db6
REC_4a6f0de9-624d-4024-9dba-1773391614e0,DIA_c01bd1d0-6044-4899-84ae-d9cb264591d9,SYM_44475c62-a7e8-4422-8ff0-c25518e23db6
REC_e8251622-74e8-4138-9f02-412859d7dec2,DIA_c01bd1d0-6044-4899-84ae-d9cb264591d9,SYM_27350897-1e31-4244-82bb-883432ff0513
REC_893ae2d0-3489-44d0-876f-9694bd1aa2ef,DIA_c01bd1d0-6044-4899-84ae-d9cb264591d9,SYM_27350897-1e31-4244-82bb-883432ff0513
REC_03b3c822-03a5-4678-9fe7-92ee90cd79a3,DIA_c01bd1d0-6044-4899-84ae-d9cb264591d9,SYM_27350897-1e31-4244-82bb-883432ff0513
REC_c8675b08-b737-412a-85d8-0b399a691348,DIA_c01bd1d0-6044-4899-84ae-d9cb264591d9,SYM_27350897-1e31-4244-82bb-883432ff0513
REC_e3c0c075-9d75-47f0-88ed-545fb1911aaf,DIA_c01bd1d0-6044-4899-84ae-d9cb264591d9,SYM_27350897-1e31-4244-82bb-883432ff0513
REC_57f88ffd-583f-4631-9b9b-3100e7fb67ad,DIA_c01bd1d0-6044-4899-84ae-d9cb264591d9,SYM_27350897-1e31-4244-82bb-883432ff0513
REC_5dbf35d3-ec5d-4774-8650-55add4879d69,DIA_c01bd1d0-6044-4899-84ae-d9cb264591d9,SYM_27350897-1e31-4244-82bb-883432ff0513
REC_a732042b-c9ee-44e3-84fc-2788d9c98a25,DIA_c01bd1d0-6044-4899-84ae-d9cb264591d9,SYM_27350897-1e31-4244-82bb-883432ff0513
REC_e2a02ec6-6327-4e4e-9f6d-e5f869a9251a,DIA_c01bd1d0-6044-4899-84ae-d9cb264591d9,SYM_27350897-1e31-4244-82bb-883432ff0513
REC_56638ecc-e767-4154-b2ef-0d8d9a51cb68,DIA_c01bd1d0-6044-4899-84ae-d9cb264591d9,SYM_27350897-1e31-4244-82bb-883432ff0513
REC_a0d220be-3c6e-47d5-88da-301d83175d0f,DIA_c01bd1d0-6044-4899-84ae-d9cb264591d9,SYM_27350897-1e31-4244-82bb-883432ff0513
REC_dd3bd486-4867-4fd7-8054-972c80440cb1,DIA_c01bd1d0-6044-4899-84ae-d9cb264591d9,SYM_27350897-1e31-4244-82bb-883432ff0513
REC_e46bb031-27bb-484d-a1c0-7943f272a070,DIA_c01bd1d0-6044-4899-84ae-d9cb264591d9,SYM_27350897-1e31-4244-82bb-883432ff0513
REC_f9e558ef-d795-41a0-a8ed-c6bbef350fba,DIA_c01bd1d0-6044-4899-84ae-d9cb264591d9,SYM_27350897-1e31-4244-82bb-883432ff0513
REC_b9dbbd95-ab07-4ee4-b76d-ef64e74caef3,DIA_c01bd1d0-6044-4899-84ae-d9cb264591d9,SYM_27350897-1e31-4244-82bb-883432ff0513
REC_51c7929f-bcdc-49c3-8f27-f08a55a0e8d6,DIA_c01bd1d0-6044-4899-84ae-d9cb264591d9,SYM_27350897-1e31-4244-82bb-883432ff0513
REC_4a6f0de9-624d-4024-9dba-1773391614e0,DIA_c01bd1d0-6044-4899-84ae-d9cb264591d9,SYM_27350897-1e31-4244-82bb-883432ff0513
REC_f40718f2-b9df-4dc6-b9a3-3214fee243b4,DIA_75e92552-7d29-41be-897a-9241b202af08,SYM_8a6a3175-faf6-4df3-b764-af3f96124b82
REC_d9963757-800f-4bb3-8fcc-c2c0a6bfa6f7,DIA_1fcb23e7-ede3-4d62-8b8f-b9737d93e751,SYM_4c10bde7-409d-4148-bffb-81f7ab5dd263
REC_3cf8de4d-04a6-4705-bd32-b6ad1ac87878,DIA_1fcb23e7-ede3-4d62-8b8f-b9737d93e751,SYM_4c10bde7-409d-4148-bffb-81f7ab5dd263
REC_b1af7792-0dd0-42e4-8343-77def835b17a,DIA_1fcb23e7-ede3-4d62-8b8f-b9737d93e751,SYM_4c10bde7-409d-4148-bffb-81f7ab5dd263
REC_d975de39-0bb1-43ca-9ee7-67f332082169,DIA_1fcb23e7-ede3-4d62-8b8f-b9737d93e751,SYM_4c10bde7-409d-4148-bffb-81f7ab5dd263
REC_4c3e16e4-074a-4590-9193-e54e29821130,DIA_1fcb23e7-ede3-4d62-8b8f-b9737d93e751,SYM_4c10bde7-409d-4148-bffb-81f7ab5dd263
REC_27e4e1d8-e5b9-400f-9806-3f58c46441f9,DIA_1fcb23e7-ede3-4d62-8b8f-b9737d93e751,SYM_4c10bde7-409d-4148-bffb-81f7ab5dd263
REC_aee2207f-2c4c-4595-8b16-1e95042f702d,DIA_1fcb23e7-ede3-4d62-8b8f-b9737d93e751,SYM_4c10bde7-409d-4148-bffb-81f7ab5dd263
REC_24afae65-4179-40d9-b29f-21467830e837,DIA_1fcb23e7-ede3-4d62-8b8f-b9737d93e751,SYM_4c10bde7-409d-4148-bffb-81f7ab5dd263
REC_d9963757-800f-4bb3-8fcc-c2c0a6bfa6f7,DIA_1fcb23e7-ede3-4d62-8b8f-b9737d93e751,SYM_8317d5b6-6814-4af2-9e6c-bb5279772dda
REC_3cf8de4d-04a6-4705-bd32-b6ad1ac87878,DIA_1fcb23e7-ede3-4d62-8b8f-b9737d93e751,SYM_8317d5b6-6814-4af2-9e6c-bb5279772dda
REC_b1af7792-0dd0-42e4-8343-77def835b17a,DIA_1fcb23e7-ede3-4d62-8b8f-b9737d93e751,SYM_8317d5b6-6814-4af2-9e6c-bb5279772dda
REC_d975de39-0bb1-43ca-9ee7-67f332082169,DIA_1fcb23e7-ede3-4d62-8b8f-b9737d93e751,SYM_8317d5b6-6814-4af2-9e6c-bb5279772dda
REC_4c3e16e4-074a-4590-9193-e54e29821130,DIA_1fcb23e7-ede3-4d62-8b8f-b9737d93e751,SYM_8317d5b6-6814-4af2-9e6c-bb5279772dda
REC_27e4e1d8-e5b9-400f-9806-3f58c46441f9,DIA_1fcb23e7-ede3-4d62-8b8f-b9737d93e751,SYM_8317d5b6-6814-4af2-9e6c-bb5279772dda
REC_aee2207f-2c4c-4595-8b16-1e95042f702d,DIA_1fcb23e7-ede3-4d62-8b8f-b9737d93e751,SYM_8317d5b6-6814-4af2-9e6c-bb5279772dda
REC_24afae65-4179-40d9-b29f-21467830e837,DIA_1fcb23e7-ede3-4d62-8b8f-b9737d93e751,SYM_8317d5b6-6814-4af2-9e6c-bb5279772dda
REC_d9963757-800f-4bb3-8fcc-c2c0a6bfa6f7,DIA_1fcb23e7-ede3-4d62-8b8f-b9737d93e751,SYM_40d6f747-3f05-478d-a802-f410c426ed49
REC_3cf8de4d-04a6-4705-bd32-b6ad1ac87878,DIA_1fcb23e7-ede3-4d62-8b8f-b9737d93e751,SYM_40d6f747-3f05-478d-a802-f410c426ed49
REC_b1af7792-0dd0-42e4-8343-77def835b17a,DIA_1fcb23e7-ede3-4d62-8b8f-b9737d93e751,SYM_40d6f747-3f05-478d-a802-f410c426ed49
REC_d975de39-0bb1-43ca-9ee7-67f332082169,DIA_1fcb23e7-ede3-4d62-8b8f-b9737d93e751,SYM_40d6f747-3f05-478d-a802-f410c426ed49
REC_4c3e16e4-074a-4590-9193-e54e29821130,DIA_1fcb23e7-ede3-4d62-8b8f-b9737d93e751,SYM_40d6f747-3f05-478d-a802-f410c426ed49
REC_27e4e1d8-e5b9-400f-9806-3f58c46441f9,DIA_1fcb23e7-ede3-4d62-8b8f-b9737d93e751,SYM_40d6f747-3f05-478d-a802-f410c426ed49
REC_aee2207f-2c4c-4595-8b16-1e95042f702d,DIA_1fcb23e7-ede3-4d62-8b8f-b9737d93e751,SYM_40d6f747-3f05-478d-a802-f410c426ed49
REC_24afae65-4179-40d9-b29f-21467830e837,DIA_1fcb23e7-ede3-4d62-8b8f-b9737d93e751,SYM_40d6f747-3f05-478d-a802-f410c426ed49
REC_99c3c12f-d7d2-464b-8bcd-01ec33dae3c7,DIA_0bebfdc7-fc17-4635-984b-c81df58a284f,SYM_fdff4b69-3bac-4422-95d6-4592bc9d6677
REC_c2058fdf-9143-408e-823e-e9f04d871305,DIA_4f6b9b0d-80f9-483f-9233-db4c5d4e10fa,SYM_5b1e566e-d7e9-4201-8511-78d0bb5cd347
REC_d2a77e6a-148d-481c-85df-87641087b36f,DIA_bfb3af41-cf6f-4236-aa75-210d385f903b,SYM_23387b72-91de-4e15-82e0-24ab68736960
REC_0ccea33b-b415-4253-bec6-6ab355aa1fa3,DIA_bfb3af41-cf6f-4236-aa75-210d385f903b,SYM_23387b72-91de-4e15-82e0-24ab68736960
REC_1b0e2384-808d-49d5-8360-8204f95863dc,DIA_bfb3af41-cf6f-4236-aa75-210d385f903b,SYM_23387b72-91de-4e15-82e0-24ab68736960
REC_48428307-f364-4170-b94a-63cac31a21ce,DIA_4960f12f-430e-46ca-84af-43a3d2125288,SYM_b71324d3-aa0e-47cd-ad90-2dcebbb8c8bb
REC_89e993ad-9ed5-4ba5-99eb-d5bd66278c49,DIA_4960f12f-430e-46ca-84af-43a3d2125288,SYM_b71324d3-aa0e-47cd-ad90-2dcebbb8c8bb
REC_856a429b-ff2b-4873-886a-d54e109a3635,DIA_4960f12f-430e-46ca-84af-43a3d2125288,SYM_b71324d3-aa0e-47cd-ad90-2dcebbb8c8bb
REC_e02c2158-40ad-4c2f-b838-d2316fa51da1,DIA_4960f12f-430e-46ca-84af-43a3d2125288,SYM_b71324d3-aa0e-47cd-ad90-2dcebbb8c8bb
REC_c1948d30-0efc-4c11-9e18-147b3ea8ab66,DIA_4960f12f-430e-46ca-84af-43a3d2125288,SYM_b71324d3-aa0e-47cd-ad90-2dcebbb8c8bb
REC_c3df4040-9543-45aa-b63d-cad745f99c81,DIA_0856cf02-cd58-4c1e-a39f-e08081cb4343,SYM_5119391b-5f73-46a8-8406-e1186b729bf8
REC_89ddd5fd-25a7-4e25-a01d-ed39cfdb87b3,DIA_0856cf02-cd58-4c1e-a39f-e08081cb4343,SYM_5119391b-5f73-46a8-8406-e1186b729bf8
REC_64b3d467-4c46-459b-ba0f-1c5b03305b83,DIA_0856cf02-cd58-4c1e-a39f-e08081cb4343,SYM_5119391b-5f73-46a8-8406-e1186b729bf8
REC_669426ab-3888-44c4-aa6c-8ba18c3e7cc9,DIA_aa186ac6-a8f5-46fa-b1b3-e826762a7815,SYM_6b6266ae-4f71-42c9-b6e9-672e6df45919
REC_b8a98d47-0722-41e8-9d5e-238fa6bf19e9,DIA_aa186ac6-a8f5-46fa-b1b3-e826762a7815,SYM_6b6266ae-4f71-42c9-b6e9-672e6df45919
REC_c42184ab-8096-4e3f-b71c-681be39d8864,DIA_aa186ac6-a8f5-46fa-b1b3-e826762a7815,SYM_6b6266ae-4f71-42c9-b6e9-672e6df45919
REC_dc975b66-c3bf-4a47-a6ea-40223a5abc21,DIA_c93b8085-9b98-419b-97df-dc2626d55221,SYM_7ca441ab-0722-463f-a22e-d2134f9a69f8
REC_640a6c24-dcd5-4b67-9aa9-85440ded54b3,DIA_c93b8085-9b98-419b-97df-dc2626d55221,SYM_7ca441ab-0722-463f-a22e-d2134f9a69f8
REC_aebf3367-aac7-4f32-a33c-35fb59192d3f,DIA_c93b8085-9b98-419b-97df-dc2626d55221,SYM_7ca441ab-0722-463f-a22e-d2134f9a69f8
REC_f0736d21-ae6d-48ac-bdb6-542b58d134e9,DIA_c93b8085-9b98-419b-97df-dc2626d55221,SYM_7ca441ab-0722-463f-a22e-d2134f9a69f8
REC_dc975b66-c3bf-4a47-a6ea-40223a5abc21,DIA_c93b8085-9b98-419b-97df-dc2626d55221,SYM_c6ddf342-04a4-49d0-9e2e-386ac7ae8217
REC_640a6c24-dcd5-4b67-9aa9-85440ded54b3,DIA_c93b8085-9b98-419b-97df-dc2626d55221,SYM_c6ddf342-04a4-49d0-9e2e-386ac7ae8217
REC_aebf3367-aac7-4f32-a33c-35fb59192d3f,DIA_c93b8085-9b98-419b-97df-dc2626d55221,SYM_c6ddf342-04a4-49d0-9e2e-386ac7ae8217
REC_f0736d21-ae6d-48ac-bdb6-542b58d134e9,DIA_c93b8085-9b98-419b-97df-dc2626d55221,SYM_c6ddf342-04a4-49d0-9e2e-386ac7ae8217
REC_dc975b66-c3bf-4a47-a6ea-40223a5abc21,DIA_c93b8085-9b98-419b-97df-dc2626d55221,SYM_0150ce63-06cc-4f5a-916f-3bb86b46dc28
REC_640a6c24-dcd5-4b67-9aa9-85440ded54b3,DIA_c93b8085-9b98-419b-97df-dc2626d55221,SYM_0150ce63-06cc-4f5a-916f-3bb86b46dc28
REC_aebf3367-aac7-4f32-a33c-35fb59192d3f,DIA_c93b8085-9b98-419b-97df-dc2626d55221,SYM_0150ce63-06cc-4f5a-916f-3bb86b46dc28
REC_f0736d21-ae6d-48ac-bdb6-542b58d134e9,DIA_c93b8085-9b98-419b-97df-dc2626d55221,SYM_0150ce63-06cc-4f5a-916f-3bb86b46dc28
REC_dc975b66-c3bf-4a47-a6ea-40223a5abc21,DIA_c93b8085-9b98-419b-97df-dc2626d55221,SYM_2e44e7f9-9335-419e-bc61-fffc67eda374
REC_640a6c24-dcd5-4b67-9aa9-85440ded54b3,DIA_c93b8085-9b98-419b-97df-dc2626d55221,SYM_2e44e7f9-9335-419e-bc61-fffc67eda374
REC_aebf3367-aac7-4f32-a33c-35fb59192d3f,DIA_c93b8085-9b98-419b-97df-dc2626d55221,SYM_2e44e7f9-9335-419e-bc61-fffc67eda374
REC_f0736d21-ae6d-48ac-bdb6-542b58d134e9,DIA_c93b8085-9b98-419b-97df-dc2626d55221,SYM_2e44e7f9-9335-419e-bc61-fffc67eda374
REC_6f9f7e84-33d2-41ad-a5e4-2ce5f49ffc1c,DIA_c6da49a5-da8d-4cad-9a92-3cf68d6d811e,SYM_642b8450-a9b9-4fe2-942e-b5c84d96b050
REC_2ef375eb-2f54-455e-b7dc-12e97ea9fad5,DIA_c6da49a5-da8d-4cad-9a92-3cf68d6d811e,SYM_642b8450-a9b9-4fe2-942e-b5c84d96b050
REC_bd3e5144-2f2c-4728-b23a-387da21e0bc0,DIA_c6da49a5-da8d-4cad-9a92-3cf68d6d811e,SYM_642b8450-a9b9-4fe2-942e-b5c84d96b050
REC_8b118b3c-5d2e-49b5-80ea-9437aaaf25e2,DIA_c6da49a5-da8d-4cad-9a92-3cf68d6d811e,SYM_642b8450-a9b9-4fe2-942e-b5c84d96b050
REC_6f9f7e84-33d2-41ad-a5e4-2ce5f49ffc1c,DIA_c6da49a5-da8d-4cad-9a92-3cf68d6d811e,SYM_63596579-4c79-463d-8dc9-da0b5a2f1d9f
REC_2ef375eb-2f54-455e-b7dc-12e97ea9fad5,DIA_c6da49a5-da8d-4cad-9a92-3cf68d6d811e,SYM_63596579-4c79-463d-8dc9-da0b5a2f1d9f
REC_bd3e5144-2f2c-4728-b23a-387da21e0bc0,DIA_c6da49a5-da8d-4cad-9a92-3cf68d6d811e,SYM_63596579-4c79-463d-8dc9-da0b5a2f1d9f
REC_8b118b3c-5d2e-49b5-80ea-9437aaaf25e2,DIA_c6da49a5-da8d-4cad-9a92-3cf68d6d811e,SYM_63596579-4c79-463d-8dc9-da0b5a2f1d9f
REC_987597de-0a05-45ef-8b47-86968621a433,DIA_3b9db4b9-5173-4a72-8de4-402075c77e99,SYM_23fe12d3-bf72-4666-8f86-f09dfa27ecf4
REC_2f6c5135-d98e-41a7-87ac-42690fe0a0ed,DIA_3b9db4b9-5173-4a72-8de4-402075c77e99,SYM_23fe12d3-bf72-4666-8f86-f09dfa27ecf4
REC_1b0c2e02-05da-4bcd-a26a-7870bc802c99,DIA_3b9db4b9-5173-4a72-8de4-402075c77e99,SYM_23fe12d3-bf72-4666-8f86-f09dfa27ecf4
REC_0c9dda25-1608-4c78-ab18-e7fd8873f967,DIA_3b9db4b9-5173-4a72-8de4-402075c77e99,SYM_23fe12d3-bf72-4666-8f86-f09dfa27ecf4
REC_3abda009-52df-4955-a462-ad5108f17a8d,DIA_3b9db4b9-5173-4a72-8de4-402075c77e99,SYM_23fe12d3-bf72-4666-8f86-f09dfa27ecf4
REC_da1f7e22-50e4-4348-81c5-9226af9a8cf6,DIA_3b9db4b9-5173-4a72-8de4-402075c77e99,SYM_23fe12d3-bf72-4666-8f86-f09dfa27ecf4
REC_945884f0-d5af-4620-8a36-8bf7a54bb098,DIA_83985540-9cfd-4bbb-a391-f5ff9f839f29,SYM_7b521a21-eaa2-4218-a4a7-50fda85a1820
REC_e768a2f6-288b-48df-8665-45afef4107af,DIA_83985540-9cfd-4bbb-a391-f5ff9f839f29,SYM_7b521a21-eaa2-4218-a4a7-50fda85a1820
REC_06fdccd0-b76a-4df7-8aea-82d06572592a,DIA_2b00d67f-ba77-4449-a45f-528b28b238fa,SYM_da5fa41c-a056-465d-af97-8a85ac663f05
REC_c4fae989-7bdc-42dd-ab08-13d090214673,DIA_2b00d67f-ba77-4449-a45f-528b28b238fa,SYM_da5fa41c-a056-465d-af97-8a85ac663f05
REC_f6484f98-b54a-4bf7-b5bc-aad3ce439de5,DIA_4ae17405-c666-46ec-89b4-0480d84d251e,SYM_60bf7a06-bb1d-4edb-aad2-fb4450e0b243
REC_39b2b2b2-b6b2-4339-b062-be4c87e0de6d,DIA_4ae17405-c666-46ec-89b4-0480d84d251e,SYM_60bf7a06-bb1d-4edb-aad2-fb4450e0b243
REC_90125859-82f7-4208-98d9-a1b9bcae8e02,DIA_41f056e4-9656-4a30-9e5c-42e13b73a60d,SYM_8ae4bcb2-531f-4907-a651-ca0e402a1eaf
REC_3479a94d-dbd5-4435-ae6e-175ab8ae309c,DIA_41f056e4-9656-4a30-9e5c-42e13b73a60d,SYM_8ae4bcb2-531f-4907-a651-ca0e402a1eaf
REC_3df63544-2cb2-4106-95ce-db28f9f8739d,DIA_bc0fb71c-8974-4c58-b295-0fc43683de2b,SYM_59383965-8070-45ba-9d9b-6643ff84307b
REC_8f1e9615-47a6-4fbb-9c37-1b96e3ca794f,DIA_3388f145-09b5-4ade-8032-34b65b78e03b,SYM_17a3784b-60fa-442c-87e9-f0f6cf8ab53c
REC_a7d19caa-f452-4453-85c6-698df6a2df93,DIA_e03a4135-dfe4-4e9a-b12b-8d2a6bb6fa62,SYM_5c17216d-34e8-435a-b3bd-8aaefb310524
REC_0b7e8af7-6101-44e1-805d-204b97bc2942,DIA_e03a4135-dfe4-4e9a-b12b-8d2a6bb6fa62,SYM_5c17216d-34e8-435a-b3bd-8aaefb310524
REC_8cca825e-796c-4ced-9ef6-0b7cf7a29428,DIA_e03a4135-dfe4-4e9a-b12b-8d2a6bb6fa62,SYM_5c17216d-34e8-435a-b3bd-8aaefb310524
REC_d4eb18f4-0a4b-4587-b1c4-28bd1b2f07ba,DIA_e03a4135-dfe4-4e9a-b12b-8d2a6bb6fa62,SYM_5c17216d-34e8-435a-b3bd-8aaefb310524
REC_37e68f5f-0755-4e96-afe3-83d7a367a1f1,DIA_e03a4135-dfe4-4e9a-b12b-8d2a6bb6fa62,SYM_5c17216d-34e8-435a-b3bd-8aaefb310524
REC_6af15b98-dad0-4ba4-9683-547c71c6a2e6,DIA_e03a4135-dfe4-4e9a-b12b-8d2a6bb6fa62,SYM_5c17216d-34e8-435a-b3bd-8aaefb310524
REC_56aff749-b6c6-405d-874b-e106b36c4f03,DIA_e03a4135-dfe4-4e9a-b12b-8d2a6bb6fa62,SYM_5c17216d-34e8-435a-b3bd-8aaefb310524
REC_d5ced0e7-f0b1-4abb-b848-b2b975efce51,DIA_e03a4135-dfe4-4e9a-b12b-8d2a6bb6fa62,SYM_5c17216d-34e8-435a-b3bd-8aaefb310524
REC_057d462b-fab2-439e-b840-2eedd8de98a9,DIA_e03a4135-dfe4-4e9a-b12b-8d2a6bb6fa62,SYM_5c17216d-34e8-435a-b3bd-8aaefb310524
REC_4ee31add-a1a7-4a2e-b60d-0dab2e023fb1,DIA_e03a4135-dfe4-4e9a-b12b-8d2a6bb6fa62,SYM_5c17216d-34e8-435a-b3bd-8aaefb310524
REC_af389f0a-c63c-45a3-b8e0-b8c1dc583fef,DIA_e03a4135-dfe4-4e9a-b12b-8d2a6bb6fa62,SYM_5c17216d-34e8-435a-b3bd-8aaefb310524
REC_f9dfd202-01b5-48ca-9146-73d15816dd29,DIA_e03a4135-dfe4-4e9a-b12b-8d2a6bb6fa62,SYM_5c17216d-34e8-435a-b3bd-8aaefb310524
REC_507aab24-e0ce-4cf5-b9d5-79779edc8f88,DIA_e03a4135-dfe4-4e9a-b12b-8d2a6bb6fa62,SYM_5c17216d-34e8-435a-b3bd-8aaefb310524
REC_8445a6c9-6553-4037-975a-a6d68ae7c048,DIA_e03a4135-dfe4-4e9a-b12b-8d2a6bb6fa62,SYM_5c17216d-34e8-435a-b3bd-8aaefb310524
REC_a7d19caa-f452-4453-85c6-698df6a2df93,DIA_e8773218-e642-4628-bbde-c472035c09e5,SYM_5e22ef6c-d910-4e28-a2b0-ceb05d3d0ebe
REC_0b7e8af7-6101-44e1-805d-204b97bc2942,DIA_e8773218-e642-4628-bbde-c472035c09e5,SYM_5e22ef6c-d910-4e28-a2b0-ceb05d3d0ebe
REC_8cca825e-796c-4ced-9ef6-0b7cf7a29428,DIA_e8773218-e642-4628-bbde-c472035c09e5,SYM_5e22ef6c-d910-4e28-a2b0-ceb05d3d0ebe
REC_d4eb18f4-0a4b-4587-b1c4-28bd1b2f07ba,DIA_e8773218-e642-4628-bbde-c472035c09e5,SYM_5e22ef6c-d910-4e28-a2b0-ceb05d3d0ebe
REC_37e68f5f-0755-4e96-afe3-83d7a367a1f1,DIA_e8773218-e642-4628-bbde-c472035c09e5,SYM_5e22ef6c-d910-4e28-a2b0-ceb05d3d0ebe
REC_6af15b98-dad0-4ba4-9683-547c71c6a2e6,DIA_e8773218-e642-4628-bbde-c472035c09e5,SYM_5e22ef6c-d910-4e28-a2b0-ceb05d3d0ebe
REC_56aff749-b6c6-405d-874b-e106b36c4f03,DIA_e8773218-e642-4628-bbde-c472035c09e5,SYM_5e22ef6c-d910-4e28-a2b0-ceb05d3d0ebe
REC_8a9f2388-c560-4a9b-b8c1-e2b1f019f521,DIA_5f2e758d-28f6-4a24-a57f-a5812186d229,SYM_3c392d1f-4d9e-4796-9e56-49b1914fef66
REC_79d69a10-0464-4573-8ca3-b9a7c94fc1e1,DIA_5f2e758d-28f6-4a24-a57f-a5812186d229,SYM_3c392d1f-4d9e-4796-9e56-49b1914fef66
REC_abfd542c-a8f4-4e46-b00c-ba69da361acb,DIA_4728bc5e-1d55-4e77-8beb-f331e69e0405,SYM_5bb52c23-1bcc-4020-8b3d-4226aae61f4c
REC_90125859-82f7-4208-98d9-a1b9bcae8e02,DIA_4728bc5e-1d55-4e77-8beb-f331e69e0405,SYM_5bb52c23-1bcc-4020-8b3d-4226aae61f4c
REC_23ace2fc-bacc-4b1b-85d7-a99876b804a1,DIA_d18fe7d1-c2ca-479f-8567-18e622f629e5,SYM_5b1e566e-d7e9-4201-8511-78d0bb5cd347
REC_aabf25c9-b715-4cbd-bffa-1f3662aa13ec,DIA_d18fe7d1-c2ca-479f-8567-18e622f629e5,SYM_5b1e566e-d7e9-4201-8511-78d0bb5cd347
REC_dfc36aa0-a08c-44e4-b2c6-da3e603ac78c,DIA_fc446540-7bd5-4aa4-9ded-b30b4aeb77c3,SYM_5c17216d-34e8-435a-b3bd-8aaefb310524
REC_a5882747-b61a-4d3f-9671-722e0cc4fc88,DIA_fc446540-7bd5-4aa4-9ded-b30b4aeb77c3,SYM_5c17216d-34e8-435a-b3bd-8aaefb310524
REC_dfc36aa0-a08c-44e4-b2c6-da3e603ac78c,DIA_fc446540-7bd5-4aa4-9ded-b30b4aeb77c3,SYM_5e22ef6c-d910-4e28-a2b0-ceb05d3d0ebe
REC_a5882747-b61a-4d3f-9671-722e0cc4fc88,DIA_fc446540-7bd5-4aa4-9ded-b30b4aeb77c3,SYM_5e22ef6c-d910-4e28-a2b0-ceb05d3d0ebe
REC_6f32d6ab-cc49-499e-ab4d-b3d52ffc7af9,DIA_c85bca4f-9d74-40a9-bf2d-f8302d6cb16f,SYM_08454aff-5b12-429c-aaaa-aa9eed503672
REC_6f32d6ab-cc49-499e-ab4d-b3d52ffc7af9,DIA_c85bca4f-9d74-40a9-bf2d-f8302d6cb16f,SYM_ffed56f6-a9bf-45a8-897b-9f7c6cef18e3
REC_6f32d6ab-cc49-499e-ab4d-b3d52ffc7af9,DIA_c85bca4f-9d74-40a9-bf2d-f8302d6cb16f,SYM_4a8b69a4-1f54-488b-877b-df2859050073
REC_6f32d6ab-cc49-499e-ab4d-b3d52ffc7af9,DIA_c85bca4f-9d74-40a9-bf2d-f8302d6cb16f,SYM_b5f23db3-ed7b-4af8-b997-7a913a377b5d
REC_6f32d6ab-cc49-499e-ab4d-b3d52ffc7af9,DIA_c85bca4f-9d74-40a9-bf2d-f8302d6cb16f,SYM_4992dd47-271f-46f6-9998-c86c61e1106c
REC_6f32d6ab-cc49-499e-ab4d-b3d52ffc7af9,DIA_c85bca4f-9d74-40a9-bf2d-f8302d6cb16f,SYM_df867b82-853c-4393-9924-cf00e1df9847
REC_6f32d6ab-cc49-499e-ab4d-b3d52ffc7af9,DIA_c85bca4f-9d74-40a9-bf2d-f8302d6cb16f,SYM_ebe0a6af-b123-40a3-8a99-dd315c9d4f23
REC_6f32d6ab-cc49-499e-ab4d-b3d52ffc7af9,DIA_1ee5decd-59c7-4be1-bb2a-2854988cd348,SYM_532ca04d-6ca7-454e-9d4d-e423289646b0
REC_6f32d6ab-cc49-499e-ab4d-b3d52ffc7af9,DIA_1ee5decd-59c7-4be1-bb2a-2854988cd348,SYM_42c1caa7-91ee-43f7-842e-c6f43069ceb3
REC_6f32d6ab-cc49-499e-ab4d-b3d52ffc7af9,DIA_1ee5decd-59c7-4be1-bb2a-2854988cd348,SYM_ac135efe-907e-4109-928b-103e3a41da31
REC_6f32d6ab-cc49-499e-ab4d-b3d52ffc7af9,DIA_1ee5decd-59c7-4be1-bb2a-2854988cd348,SYM_7863d2f2-9357-431a-bdf8-641380683aae
REC_6f32d6ab-cc49-499e-ab4d-b3d52ffc7af9,DIA_1ee5decd-59c7-4be1-bb2a-2854988cd348,SYM_bea77d09-e3d5-41be-8547-ceebcf17426f
REC_6f32d6ab-cc49-499e-ab4d-b3d52ffc7af9,DIA_1ee5decd-59c7-4be1-bb2a-2854988cd348,SYM_bda92f38-31d4-478c-803b-a1c98128006d
REC_6f32d6ab-cc49-499e-ab4d-b3d52ffc7af9,DIA_1ee5decd-59c7-4be1-bb2a-2854988cd348,SYM_4c3680e9-b1d0-4c3f-817f-3d157750499d
REC_d0544924-331b-4f40-a194-3aae65356c52,DIA_51ed2014-fef2-4d2f-be5e-460a581bd2e3,SYM_0aa2cd2c-db32-486e-a05a-d32c4ab4f05c
REC_d196e659-baf7-40b8-979b-b49811e195f8,DIA_51ed2014-fef2-4d2f-be5e-460a581bd2e3,SYM_0aa2cd2c-db32-486e-a05a-d32c4ab4f05c
REC_9ac1a889-399d-41cd-9d3e-112c14a36336,DIA_51ed2014-fef2-4d2f-be5e-460a581bd2e3,SYM_0aa2cd2c-db32-486e-a05a-d32c4ab4f05c
REC_a7d19caa-f452-4453-85c6-698df6a2df93,DIA_1ac5953d-5122-44b9-9db1-2d583ba4fce1,SYM_aa9e7f00-439f-4bfe-a3e5-cf79f73d9652
REC_0b7e8af7-6101-44e1-805d-204b97bc2942,DIA_1ac5953d-5122-44b9-9db1-2d583ba4fce1,SYM_aa9e7f00-439f-4bfe-a3e5-cf79f73d9652
REC_8cca825e-796c-4ced-9ef6-0b7cf7a29428,DIA_1ac5953d-5122-44b9-9db1-2d583ba4fce1,SYM_aa9e7f00-439f-4bfe-a3e5-cf79f73d9652
REC_d4eb18f4-0a4b-4587-b1c4-28bd1b2f07ba,DIA_1ac5953d-5122-44b9-9db1-2d583ba4fce1,SYM_aa9e7f00-439f-4bfe-a3e5-cf79f73d9652
REC_37e68f5f-0755-4e96-afe3-83d7a367a1f1,DIA_1ac5953d-5122-44b9-9db1-2d583ba4fce1,SYM_aa9e7f00-439f-4bfe-a3e5-cf79f73d9652
REC_a7d19caa-f452-4453-85c6-698df6a2df93,DIA_d7bb9498-5dc3-42f4-a285-9c51a004c857,SYM_eb337f00-606e-4a19-93b0-0f8a8bca9f77
REC_0b7e8af7-6101-44e1-805d-204b97bc2942,DIA_d7bb9498-5dc3-42f4-a285-9c51a004c857,SYM_eb337f00-606e-4a19-93b0-0f8a8bca9f77
REC_8cca825e-796c-4ced-9ef6-0b7cf7a29428,DIA_d7bb9498-5dc3-42f4-a285-9c51a004c857,SYM_eb337f00-606e-4a19-93b0-0f8a8bca9f77
REC_d4eb18f4-0a4b-4587-b1c4-28bd1b2f07ba,DIA_d7bb9498-5dc3-42f4-a285-9c51a004c857,SYM_eb337f00-606e-4a19-93b0-0f8a8bca9f77
REC_37e68f5f-0755-4e96-afe3-83d7a367a1f1,DIA_d7bb9498-5dc3-42f4-a285-9c51a004c857,SYM_eb337f00-606e-4a19-93b0-0f8a8bca9f77
REC_a7d19caa-f452-4453-85c6-698df6a2df93,DIA_ee3a3dc9-f840-4b3e-967d-f800b2ef9e91,SYM_6869a754-efb1-4d8d-ad27-845b8eb7b4be
REC_0b7e8af7-6101-44e1-805d-204b97bc2942,DIA_ee3a3dc9-f840-4b3e-967d-f800b2ef9e91,SYM_6869a754-efb1-4d8d-ad27-845b8eb7b4be
REC_8cca825e-796c-4ced-9ef6-0b7cf7a29428,DIA_ee3a3dc9-f840-4b3e-967d-f800b2ef9e91,SYM_6869a754-efb1-4d8d-ad27-845b8eb7b4be
REC_d4eb18f4-0a4b-4587-b1c4-28bd1b2f07ba,DIA_ee3a3dc9-f840-4b3e-967d-f800b2ef9e91,SYM_6869a754-efb1-4d8d-ad27-845b8eb7b4be
REC_37e68f5f-0755-4e96-afe3-83d7a367a1f1,DIA_ee3a3dc9-f840-4b3e-967d-f800b2ef9e91,SYM_6869a754-efb1-4d8d-ad27-845b8eb7b4be
REC_a7d19caa-f452-4453-85c6-698df6a2df93,DIA_a41426be-b6d3-497d-8335-fcf88e497e36,SYM_c350f7be-7de3-479e-b084-b6228419811e
REC_0b7e8af7-6101-44e1-805d-204b97bc2942,DIA_a41426be-b6d3-497d-8335-fcf88e497e36,SYM_c350f7be-7de3-479e-b084-b6228419811e
REC_8cca825e-796c-4ced-9ef6-0b7cf7a29428,DIA_a41426be-b6d3-497d-8335-fcf88e497e36,SYM_c350f7be-7de3-479e-b084-b6228419811e
REC_d4eb18f4-0a4b-4587-b1c4-28bd1b2f07ba,DIA_a41426be-b6d3-497d-8335-fcf88e497e36,SYM_c350f7be-7de3-479e-b084-b6228419811e
REC_37e68f5f-0755-4e96-afe3-83d7a367a1f1,DIA_a41426be-b6d3-497d-8335-fcf88e497e36,SYM_c350f7be-7de3-479e-b084-b6228419811e
REC_a7d19caa-f452-4453-85c6-698df6a2df93,DIA_e4049fd0-c76a-43a0-b8db-ca709f320905,SYM_c3214cee-89ea-4e5e-97da-827b0e2928cb
REC_0b7e8af7-6101-44e1-805d-204b97bc2942,DIA_e4049fd0-c76a-43a0-b8db-ca709f320905,SYM_c3214cee-89ea-4e5e-97da-827b0e2928cb
REC_8cca825e-796c-4ced-9ef6-0b7cf7a29428,DIA_e4049fd0-c76a-43a0-b8db-ca709f320905,SYM_c3214cee-89ea-4e5e-97da-827b0e2928cb
REC_d4eb18f4-0a4b-4587-b1c4-28bd1b2f07ba,DIA_e4049fd0-c76a-43a0-b8db-ca709f320905,SYM_c3214cee-89ea-4e5e-97da-827b0e2928cb
REC_37e68f5f-0755-4e96-afe3-83d7a367a1f1,DIA_e4049fd0-c76a-43a0-b8db-ca709f320905,SYM_c3214cee-89ea-4e5e-97da-827b0e2928cb
REC_df4d6441-1a26-421d-b628-4fe851273045,DIA_a30d3a8e-c4ac-4e61-bc34-025ce7168c42,SYM_47ae8b02-a856-4d5a-8f5b-faa9fbf20c6e
REC_6aee5ef5-d59f-4af3-8537-a9000eff2f38,DIA_a30d3a8e-c4ac-4e61-bc34-025ce7168c42,SYM_47ae8b02-a856-4d5a-8f5b-faa9fbf20c6e
REC_a15a8c69-b828-47b8-8967-d3c8d0d0abb4,DIA_a30d3a8e-c4ac-4e61-bc34-025ce7168c42,SYM_47ae8b02-a856-4d5a-8f5b-faa9fbf20c6e
REC_b0e2a59c-7a54-478a-82bb-fd02f262c5ed,DIA_a30d3a8e-c4ac-4e61-bc34-025ce7168c42,SYM_47ae8b02-a856-4d5a-8f5b-faa9fbf20c6e
REC_320fd227-87e8-432a-bfc2-5901ea026e20,DIA_a30d3a8e-c4ac-4e61-bc34-025ce7168c42,SYM_47ae8b02-a856-4d5a-8f5b-faa9fbf20c6e
REC_8b60efd8-0456-4d4f-8bda-52394a2e1b8f,DIA_a30d3a8e-c4ac-4e61-bc34-025ce7168c42,SYM_47ae8b02-a856-4d5a-8f5b-faa9fbf20c6e
REC_09272325-3a5e-4ede-b508-39d157560075,DIA_a30d3a8e-c4ac-4e61-bc34-025ce7168c42,SYM_47ae8b02-a856-4d5a-8f5b-faa9fbf20c6e
REC_7c0615ff-7f01-4f11-a1a2-7af4a47eabdb,DIA_a30d3a8e-c4ac-4e61-bc34-025ce7168c42,SYM_47ae8b02-a856-4d5a-8f5b-faa9fbf20c6e
REC_84a67498-5b2c-4ce5-8249-b90ae7a5b3b3,DIA_a30d3a8e-c4ac-4e61-bc34-025ce7168c42,SYM_47ae8b02-a856-4d5a-8f5b-faa9fbf20c6e
REC_e37d0ab7-eada-4505-bc37-9c9ca6e63714,DIA_a30d3a8e-c4ac-4e61-bc34-025ce7168c42,SYM_47ae8b02-a856-4d5a-8f5b-faa9fbf20c6e
REC_9f35ab3c-638f-47b5-8f38-a127a9edf570,DIA_a30d3a8e-c4ac-4e61-bc34-025ce7168c42,SYM_47ae8b02-a856-4d5a-8f5b-faa9fbf20c6e
REC_df4d6441-1a26-421d-b628-4fe851273045,DIA_a30d3a8e-c4ac-4e61-bc34-025ce7168c42,SYM_dc8296d7-98c1-4f60-860d-a2ad005cc848
REC_6aee5ef5-d59f-4af3-8537-a9000eff2f38,DIA_a30d3a8e-c4ac-4e61-bc34-025ce7168c42,SYM_dc8296d7-98c1-4f60-860d-a2ad005cc848
REC_a15a8c69-b828-47b8-8967-d3c8d0d0abb4,DIA_a30d3a8e-c4ac-4e61-bc34-025ce7168c42,SYM_dc8296d7-98c1-4f60-860d-a2ad005cc848
REC_b0e2a59c-7a54-478a-82bb-fd02f262c5ed,DIA_a30d3a8e-c4ac-4e61-bc34-025ce7168c42,SYM_dc8296d7-98c1-4f60-860d-a2ad005cc848
REC_320fd227-87e8-432a-bfc2-5901ea026e20,DIA_a30d3a8e-c4ac-4e61-bc34-025ce7168c42,SYM_dc8296d7-98c1-4f60-860d-a2ad005cc848
REC_8b60efd8-0456-4d4f-8bda-52394a2e1b8f,DIA_a30d3a8e-c4ac-4e61-bc34-025ce7168c42,SYM_dc8296d7-98c1-4f60-860d-a2ad005cc848
REC_09272325-3a5e-4ede-b508-39d157560075,DIA_a30d3a8e-c4ac-4e61-bc34-025ce7168c42,SYM_dc8296d7-98c1-4f60-860d-a2ad005cc848
REC_7c0615ff-7f01-4f11-a1a2-7af4a47eabdb,DIA_a30d3a8e-c4ac-4e61-bc34-025ce7168c42,SYM_dc8296d7-98c1-4f60-860d-a2ad005cc848
REC_84a67498-5b2c-4ce5-8249-b90ae7a5b3b3,DIA_a30d3a8e-c4ac-4e61-bc34-025ce7168c42,SYM_dc8296d7-98c1-4f60-860d-a2ad005cc848
REC_e37d0ab7-eada-4505-bc37-9c9ca6e63714,DIA_a30d3a8e-c4ac-4e61-bc34-025ce7168c42,SYM_dc8296d7-98c1-4f60-860d-a2ad005cc848
REC_9f35ab3c-638f-47b5-8f38-a127a9edf570,DIA_a30d3a8e-c4ac-4e61-bc34-025ce7168c42,SYM_dc8296d7-98c1-4f60-860d-a2ad005cc848
REC_df4d6441-1a26-421d-b628-4fe851273045,DIA_a30d3a8e-c4ac-4e61-bc34-025ce7168c42,SYM_503292f2-7a56-4a39-ad37-9f671c49da21
REC_6aee5ef5-d59f-4af3-8537-a9000eff2f38,DIA_a30d3a8e-c4ac-4e61-bc34-025ce7168c42,SYM_503292f2-7a56-4a39-ad37-9f671c49da21
REC_a15a8c69-b828-47b8-8967-d3c8d0d0abb4,DIA_a30d3a8e-c4ac-4e61-bc34-025ce7168c42,SYM_503292f2-7a56-4a39-ad37-9f671c49da21
REC_b0e2a59c-7a54-478a-82bb-fd02f262c5ed,DIA_a30d3a8e-c4ac-4e61-bc34-025ce7168c42,SYM_503292f2-7a56-4a39-ad37-9f671c49da21
REC_320fd227-87e8-432a-bfc2-5901ea026e20,DIA_a30d3a8e-c4ac-4e61-bc34-025ce7168c42,SYM_503292f2-7a56-4a39-ad37-9f671c49da21
REC_8b60efd8-0456-4d4f-8bda-52394a2e1b8f,DIA_a30d3a8e-c4ac-4e61-bc34-025ce7168c42,SYM_503292f2-7a56-4a39-ad37-9f671c49da21
REC_09272325-3a5e-4ede-b508-39d157560075,DIA_a30d3a8e-c4ac-4e61-bc34-025ce7168c42,SYM_503292f2-7a56-4a39-ad37-9f671c49da21
REC_7c0615ff-7f01-4f11-a1a2-7af4a47eabdb,DIA_a30d3a8e-c4ac-4e61-bc34-025ce7168c42,SYM_503292f2-7a56-4a39-ad37-9f671c49da21
REC_84a67498-5b2c-4ce5-8249-b90ae7a5b3b3,DIA_a30d3a8e-c4ac-4e61-bc34-025ce7168c42,SYM_503292f2-7a56-4a39-ad37-9f671c49da21
REC_e37d0ab7-eada-4505-bc37-9c9ca6e63714,DIA_a30d3a8e-c4ac-4e61-bc34-025ce7168c42,SYM_503292f2-7a56-4a39-ad37-9f671c49da21
REC_9f35ab3c-638f-47b5-8f38-a127a9edf570,DIA_a30d3a8e-c4ac-4e61-bc34-025ce7168c42,SYM_503292f2-7a56-4a39-ad37-9f671c49da21
REC_df4d6441-1a26-421d-b628-4fe851273045,DIA_a30d3a8e-c4ac-4e61-bc34-025ce7168c42,SYM_e4f4e0b9-9c06-4a4e-bf21-0afe943200fb
REC_6aee5ef5-d59f-4af3-8537-a9000eff2f38,DIA_a30d3a8e-c4ac-4e61-bc34-025ce7168c42,SYM_e4f4e0b9-9c06-4a4e-bf21-0afe943200fb
REC_a15a8c69-b828-47b8-8967-d3c8d0d0abb4,DIA_a30d3a8e-c4ac-4e61-bc34-025ce7168c42,SYM_e4f4e0b9-9c06-4a4e-bf21-0afe943200fb
REC_b0e2a59c-7a54-478a-82bb-fd02f262c5ed,DIA_a30d3a8e-c4ac-4e61-bc34-025ce7168c42,SYM_e4f4e0b9-9c06-4a4e-bf21-0afe943200fb
REC_320fd227-87e8-432a-bfc2-5901ea026e20,DIA_a30d3a8e-c4ac-4e61-bc34-025ce7168c42,SYM_e4f4e0b9-9c06-4a4e-bf21-0afe943200fb
REC_8b60efd8-0456-4d4f-8bda-52394a2e1b8f,DIA_a30d3a8e-c4ac-4e61-bc34-025ce7168c42,SYM_e4f4e0b9-9c06-4a4e-bf21-0afe943200fb
REC_09272325-3a5e-4ede-b508-39d157560075,DIA_a30d3a8e-c4ac-4e61-bc34-025ce7168c42,SYM_e4f4e0b9-9c06-4a4e-bf21-0afe943200fb
REC_7c0615ff-7f01-4f11-a1a2-7af4a47eabdb,DIA_a30d3a8e-c4ac-4e61-bc34-025ce7168c42,SYM_e4f4e0b9-9c06-4a4e-bf21-0afe943200fb
REC_84a67498-5b2c-4ce5-8249-b90ae7a5b3b3,DIA_a30d3a8e-c4ac-4e61-bc34-025ce7168c42,SYM_e4f4e0b9-9c06-4a4e-bf21-0afe943200fb
REC_e37d0ab7-eada-4505-bc37-9c9ca6e63714,DIA_a30d3a8e-c4ac-4e61-bc34-025ce7168c42,SYM_e4f4e0b9-9c06-4a4e-bf21-0afe943200fb
REC_9f35ab3c-638f-47b5-8f38-a127a9edf570,DIA_a30d3a8e-c4ac-4e61-bc34-025ce7168c42,SYM_e4f4e0b9-9c06-4a4e-bf21-0afe943200fb
REC_42cbf732-747f-4ef8-81a0-9cb8509ebffc,DIA_88028597-e282-46ed-8799-87e1d2a20baa,SYM_5b1e566e-d7e9-4201-8511-78d0bb5cd347
REC_6344f4a8-da11-4009-b3ef-88637e3f7c7f,DIA_133838fc-f202-4538-b88b-6e8eff46864b,SYM_6624b821-7287-479e-b6ff-5412130d8a44
REC_9711167e-0cbd-44f6-af71-be42f2d92bb0,DIA_133838fc-f202-4538-b88b-6e8eff46864b,SYM_6624b821-7287-479e-b6ff-5412130d8a44
REC_c9763852-0c87-4907-b2e5-da117144a33c,DIA_51ba82a2-536b-468b-ac5e-9964e57d3c7c,SYM_54a7dbbc-0d31-41a2-a4b1-0f8c217dc157
REC_afaebf03-13d2-4e42-a4b7-6ce3247822b7,DIA_51ba82a2-536b-468b-ac5e-9964e57d3c7c,SYM_54a7dbbc-0d31-41a2-a4b1-0f8c217dc157
REC_c4306b20-ba6a-42de-b4a7-875327f2c7eb,DIA_51ba82a2-536b-468b-ac5e-9964e57d3c7c,SYM_54a7dbbc-0d31-41a2-a4b1-0f8c217dc157
REC_a9f6d756-5e25-42bf-b0a5-f4569318de75,DIA_51ba82a2-536b-468b-ac5e-9964e57d3c7c,SYM_54a7dbbc-0d31-41a2-a4b1-0f8c217dc157
REC_5746f84d-57ad-41cd-8d37-8874169d0ae4,DIA_51ba82a2-536b-468b-ac5e-9964e57d3c7c,SYM_54a7dbbc-0d31-41a2-a4b1-0f8c217dc157
REC_35a0ef4f-460d-45dc-a8bf-eef8ddd74d40,DIA_51ba82a2-536b-468b-ac5e-9964e57d3c7c,SYM_54a7dbbc-0d31-41a2-a4b1-0f8c217dc157
REC_268e6b6c-0af0-412a-ae92-9d955352af42,DIA_51ba82a2-536b-468b-ac5e-9964e57d3c7c,SYM_54a7dbbc-0d31-41a2-a4b1-0f8c217dc157
REC_d6681be7-762c-4915-b4fc-53f2d044237a,DIA_51ba82a2-536b-468b-ac5e-9964e57d3c7c,SYM_54a7dbbc-0d31-41a2-a4b1-0f8c217dc157
REC_c9763852-0c87-4907-b2e5-da117144a33c,DIA_51ba82a2-536b-468b-ac5e-9964e57d3c7c,SYM_b5872f05-d7aa-4805-98cf-2475b5d1d490
REC_afaebf03-13d2-4e42-a4b7-6ce3247822b7,DIA_51ba82a2-536b-468b-ac5e-9964e57d3c7c,SYM_b5872f05-d7aa-4805-98cf-2475b5d1d490
REC_c4306b20-ba6a-42de-b4a7-875327f2c7eb,DIA_51ba82a2-536b-468b-ac5e-9964e57d3c7c,SYM_b5872f05-d7aa-4805-98cf-2475b5d1d490
REC_a9f6d756-5e25-42bf-b0a5-f4569318de75,DIA_51ba82a2-536b-468b-ac5e-9964e57d3c7c,SYM_b5872f05-d7aa-4805-98cf-2475b5d1d490
REC_5746f84d-57ad-41cd-8d37-8874169d0ae4,DIA_51ba82a2-536b-468b-ac5e-9964e57d3c7c,SYM_b5872f05-d7aa-4805-98cf-2475b5d1d490
REC_35a0ef4f-460d-45dc-a8bf-eef8ddd74d40,DIA_51ba82a2-536b-468b-ac5e-9964e57d3c7c,SYM_b5872f05-d7aa-4805-98cf-2475b5d1d490
REC_268e6b6c-0af0-412a-ae92-9d955352af42,DIA_51ba82a2-536b-468b-ac5e-9964e57d3c7c,SYM_b5872f05-d7aa-4805-98cf-2475b5d1d490
REC_d6681be7-762c-4915-b4fc-53f2d044237a,DIA_51ba82a2-536b-468b-ac5e-9964e57d3c7c,SYM_b5872f05-d7aa-4805-98cf-2475b5d1d490
REC_c9763852-0c87-4907-b2e5-da117144a33c,DIA_51ba82a2-536b-468b-ac5e-9964e57d3c7c,SYM_e8016fb5-3a0d-466a-b77c-76b349472e81
REC_afaebf03-13d2-4e42-a4b7-6ce3247822b7,DIA_51ba82a2-536b-468b-ac5e-9964e57d3c7c,SYM_e8016fb5-3a0d-466a-b77c-76b349472e81
REC_c4306b20-ba6a-42de-b4a7-875327f2c7eb,DIA_51ba82a2-536b-468b-ac5e-9964e57d3c7c,SYM_e8016fb5-3a0d-466a-b77c-76b349472e81
REC_a9f6d756-5e25-42bf-b0a5-f4569318de75,DIA_51ba82a2-536b-468b-ac5e-9964e57d3c7c,SYM_e8016fb5-3a0d-466a-b77c-76b349472e81
REC_5746f84d-57ad-41cd-8d37-8874169d0ae4,DIA_51ba82a2-536b-468b-ac5e-9964e57d3c7c,SYM_e8016fb5-3a0d-466a-b77c-76b349472e81
REC_35a0ef4f-460d-45dc-a8bf-eef8ddd74d40,DIA_51ba82a2-536b-468b-ac5e-9964e57d3c7c,SYM_e8016fb5-3a0d-466a-b77c-76b349472e81
REC_268e6b6c-0af0-412a-ae92-9d955352af42,DIA_51ba82a2-536b-468b-ac5e-9964e57d3c7c,SYM_e8016fb5-3a0d-466a-b77c-76b349472e81
REC_d6681be7-762c-4915-b4fc-53f2d044237a,DIA_51ba82a2-536b-468b-ac5e-9964e57d3c7c,SYM_e8016fb5-3a0d-466a-b77c-76b349472e81
REC_d9963757-800f-4bb3-8fcc-c2c0a6bfa6f7,DIA_4fe62c36-77ea-43a2-b6d0-21642dfccf3d,SYM_0e652fe0-2f36-40e6-b2f8-67128992f4bf
REC_d9963757-800f-4bb3-8fcc-c2c0a6bfa6f7,DIA_4fe62c36-77ea-43a2-b6d0-21642dfccf3d,SYM_8317d5b6-6814-4af2-9e6c-bb5279772dda
REC_d9963757-800f-4bb3-8fcc-c2c0a6bfa6f7,DIA_4fe62c36-77ea-43a2-b6d0-21642dfccf3d,SYM_4c10bde7-409d-4148-bffb-81f7ab5dd263
REC_b873db7b-6b94-43b3-8e49-d0678790f13b,DIA_34d58ccb-3ccc-41a4-90b9-e89182a851eb,SYM_dfc6936d-00dc-49a6-b640-74df65e67c5e
REC_957c2403-53ae-42c3-8e8c-8d93d462f9ba,DIA_869e2a09-dd14-4636-bcd9-80520f6a2484,SYM_34925a03-544e-4969-b074-6c458507814c
REC_a28b987f-1c4d-4e23-ab48-cc3abb0e2500,DIA_293f1c11-a235-4e55-9384-bf213f2264e7,SYM_73ec95c2-c8c2-4920-81b1-19ad56defcfd
REC_707a1ed1-57ba-49bb-9863-d013431a12d4,DIA_293f1c11-a235-4e55-9384-bf213f2264e7,SYM_73ec95c2-c8c2-4920-81b1-19ad56defcfd
REC_496fb780-9bd0-431c-baa4-28d028f2b572,DIA_293f1c11-a235-4e55-9384-bf213f2264e7,SYM_73ec95c2-c8c2-4920-81b1-19ad56defcfd
REC_d4bac914-cba7-4998-a94f-d96c2aea196f,DIA_293f1c11-a235-4e55-9384-bf213f2264e7,SYM_73ec95c2-c8c2-4920-81b1-19ad56defcfd
REC_8d43b6ec-b5e5-436f-828d-5199326c4ea6,DIA_54abde23-6f53-40a3-9416-377146e50ee9,SYM_b5872f05-d7aa-4805-98cf-2475b5d1d490
REC_fd67c07e-474d-4e5c-aea8-fc84638b4357,DIA_54abde23-6f53-40a3-9416-377146e50ee9,SYM_b5872f05-d7aa-4805-98cf-2475b5d1d490
REC_3a540f92-f5af-45f2-8273-6535c4aa3a6c,DIA_54abde23-6f53-40a3-9416-377146e50ee9,SYM_b5872f05-d7aa-4805-98cf-2475b5d1d490
REC_415ec1e6-d86c-4a74-9596-c3ab102f125d,DIA_54abde23-6f53-40a3-9416-377146e50ee9,SYM_b5872f05-d7aa-4805-98cf-2475b5d1d490
REC_8b1cda8f-cb4a-4e82-83c6-5268a5931a91,DIA_54abde23-6f53-40a3-9416-377146e50ee9,SYM_b5872f05-d7aa-4805-98cf-2475b5d1d490
REC_f4e0c931-8143-42c7-b737-848cbb513d8e,DIA_54abde23-6f53-40a3-9416-377146e50ee9,SYM_b5872f05-d7aa-4805-98cf-2475b5d1d490
REC_85c72ab3-3fb3-4d13-8ea9-579ca927465f,DIA_54abde23-6f53-40a3-9416-377146e50ee9,SYM_b5872f05-d7aa-4805-98cf-2475b5d1d490
REC_85382dd6-f0f5-44a6-b76c-5382f0b6228e,DIA_54abde23-6f53-40a3-9416-377146e50ee9,SYM_b5872f05-d7aa-4805-98cf-2475b5d1d490
REC_2d7218ee-81ee-4839-9955-3f6ffc2502d0,DIA_54abde23-6f53-40a3-9416-377146e50ee9,SYM_b5872f05-d7aa-4805-98cf-2475b5d1d490
REC_14186724-1a2e-4601-a088-fe2aca760565,DIA_54abde23-6f53-40a3-9416-377146e50ee9,SYM_b5872f05-d7aa-4805-98cf-2475b5d1d490
REC_70f75ebe-260e-45b0-b9e8-cdac47be7c0c,DIA_54abde23-6f53-40a3-9416-377146e50ee9,SYM_b5872f05-d7aa-4805-98cf-2475b5d1d490
REC_ee6107a3-a2a7-4fbf-a5f3-3551714bcc89,DIA_54abde23-6f53-40a3-9416-377146e50ee9,SYM_b5872f05-d7aa-4805-98cf-2475b5d1d490
REC_7ccba32b-d175-4455-9400-d6e622b2e1c8,DIA_54abde23-6f53-40a3-9416-377146e50ee9,SYM_b5872f05-d7aa-4805-98cf-2475b5d1d490
REC_dd2df8da-9092-474c-bb05-59bf265f411c,DIA_54abde23-6f53-40a3-9416-377146e50ee9,SYM_b5872f05-d7aa-4805-98cf-2475b5d1d490
